X1,Y1,X2,Y2,Fault Type
1.08e-15,56.140350877193001,-0.46984576169112002,20.749464101887099,1
-20.138314661461798,31.781431439578899,-1.0189341225667901,24.696537783737298,1
2.41e-18,66.633344440741993,-9.9776170768791403e-02,-1.1315125001522699,1
-37.183662783574199,2.2592837409535398,-5.3427240073133797,22.2327905505161,1
-14.803853056144201,25.6410256410256,-2.66871912770084,19.005825839564299,1
-45.489577376056097,-18.093741817229599,-13.118953382038301,16.729159448771199,1
-44.773056507731901,-10.8845828103795,-8.6332043571421693,21.4653424661362,1
-23.1941293113751,12.620423892100201,-1.72936300922816,27.385699209182501,1
1.62e-18,66.641981403768597,-0.88401706267249303,-2.40025214020313,1
-53.293214030279302,-25.6410711573699,-16.395889421237499,18.638590680116501,1
1.02e-18,66.647062667450797,0.51935879600802304,-0.87219159468461704,1
2.83e-18,66.628945052181606,-1.3718448052805801e-02,31.573267167897399,1
-20.482417216183801,31.179327276311302,-0.82483882691498001,23.568466610803601,1
-19.2321811049835,33.322224073765497,-0.58484862847566699,29.717333877833301,1
-42.332348582205803,-6.6684443259338302,-2.5474357797585698,26.335108345287399,1
8.01e-19,66.6541682289714,-0.32100632909877203,24.9036682032567,1
-52.272862157107497,-23.873937788708599,-15.819261054715399,17.702657084107901,1
-34.799194307319901,-4.5662100456621104,-7.9230425520123902,19.3378406584503,1
-44.8084950122457,-10.9534466612701,-4.0321146270281796,26.784836415244399,1
-35.169392910763101,5.7483267669815303,-5.7580520378556903,22.076816651351798,1
-55.054069279524299,-28.690492772049598,-20.4996507183623,16.403044266624601,1
8.01e-19,66.6541682289714,1.3005218451218601,-4.7816220923033104,1
-9.6112801019902694,49.986113425540204,-0.17731077086226499,31.490792011802998,1
-14.4157190432501,41.647921352995098,-0.26473370916091798,31.5521803075879,1
-6.8321655099812002,54.831825452709303,-0.37484023217340101,28.4224459813009,1
-25.5614371361509,22.391432126472299,-1.7162329135051699,27.065144782921099,1
-22.961877787033899,26.8932550008901,-1.5375532988707501,25.549907551407099,1
-15.2116238588883,3.1936127744511,-7.0351764085389599,1.5893908898733899,1
-14.3182866759027,38.6666666666667,-0.58065919309861402,26.8895358822035,1
27.263762711732301,-19.4444444444444,5.4006538517231899,21.880296343799198,1
-15.8178055185058,39.269396447114602,-0.889950454030211,23.220456623224599,1
23.268524702856499,-9.4038623005877309,3.30731801727014,24.989658888290801,1
9.0892674620533107,23.215785054575999,0.87994175050672396,12.9443861058044,1
-4.6673250971564304,58.5824009792533,-0.176851266896599,27.9860959759786,1
-2.9914207074863399,61.485270387597403,-0.12121977578147999,29.732300480208,1
27.369199612103401,-19.492502883506301,5.4271929525438596,21.873528394565401,1
-16.0374972313057,38.888878858026096,-0.88448077986380602,23.358087017672901,1
23.268524702856499,-9.4038623005877309,3.42376875585289,24.676969737207902,1
-10.123097205444299,42.196531791907503,-0.68871966191860101,27.725353086433,1
-5.8515229985435004,55.180180180180201,-8.5568663205833506e-02,31.7748551271088,1
-6.9186602506194799,53.856749311294799,-0.10527958224360801,31.5354024192178,1
-6.1159986142968803,55.225988700564997,-0.74041513608102605,24.871288303139799,1
-2.99408652319473,60.1108936725375,-0.32751296436966598,27.1055705219622,1
-5.95896157966998,56.3454423525422,-4.5217700143856403,7.3275682077514102,1
-19.244880673141498,33.3332222224074,-0.58513122973977005,29.7170000477565,1
40.504488427170799,-13.972401490109601,9.0640117637889102,11.4716581171573,1
-7.4771565513007499,53.7158434269463,-3.2754046352119901,12.8489456948437,1
-4.6308672482634403,34.245031755787799,3.8880541310188002,-13.793488328813,1
-26.910322169559599,20.056451929560499,-1.31978158241428,19.4276972327234,1
-8.3562985128427005,52.1928699216624,-0.39160322144461901,19.5963564347174,1
46.196034724194199,-28.8919731667823,10.721370638054401,20.640957247359701,1
-9.1160568819414607,44.561403508771903,-0.44005014215841998,17.3019606494294,1
40.515808364184302,-3.5087719298245501,4.1626876707149298,27.052972126710198,1
7.5541156716399698,16.199376947040498,0.50434513674752202,28.115952649469701,1
-22.754392962179399,22.5490196078431,-0.83697206152032899,16.8135692901981,1
-4.7616517046567104,57.830142366224898,-5.9069818953915602e-02,32.089671660748898,1
-6.8321655099812002,54.831825452709303,-0.387698872206866,28.2902460235658,1
-2.3216436372953799,62.6437518703775,-9.7626471647136601e-02,30.134490307660499,1
44.353659018865002,-23.579591179784298,10.5029098936584,19.335000100259801,2
37.5625476340239,-10.4417670682731,8.1737576991113308,17.906703065667699,2
-9.9232077516966903,8.8541666666666696,-2.0779140308303901,18.3828089816943,2
21.417832566711901,10.215053763440901,2.6966182737458801,21.2191369836133,2
18.4431335991131,6.94444444444445,2.48179008661943,19.4977174386045,2
34.8696697233338,-1.6501650165016399,2.6740082328407802,27.391442501335899,2
16.7617820087311,11.8279569892473,1.7261245296323899,26.624393576113398,2
10.4972776216296,-6.0606060606060499,0.97986511593133196,24.3046650707407,2
-40.626868352413602,-15.6372889197317,-12.0359587998545,14.781305177596201,2
-26.709486992846202,7.8367641747923402,-5.5391566176699802,18.0291872554976,2
30.6769931661252,-5.4178814382895899,6.2474394042252701,14.7539998375637,2
-32.643101050912101,-14.940962761126199,-5.8345805960171502,22.023738583783,2
11.7484066404866,7.9457364341085404,0.16129775503166099,30.463157002011499,2
34.413488951696898,-19.540229885057499,5.3749627699762703,22.1802246571329,2
47.848599032913398,-19.4712132443785,6.8855646026233002,23.611066438005299,2
50.275021308538001,-21.9474058280028,9.4696625303377697,21.287114884267201,2
40.632386869383097,-8.2389937106918101,7.6197679353371202,16.0498399128826,2
39.123077451665402,-11.622807017543799,10.017446198227301,13.837753057836499,2
40.335429765302599,-12.785388127853899,9.3343118733883603,12.7802339900555,2
1.1782658554890399,-17.006802721088398,3.3265556113181501e-02,24.077014762843799,2
-14.1515930643472,-21.303258145363401,-1.4745638594892301,25.0013627730502,2
3.0386856273138201,14.0350877192983,0.147314525948926,25.772580842365201,2
1.11889587052253,4.0051679586563402,4.2052053371261097e-02,29.542184473073501,2
-15.279370760371901,-17.979797979798001,-1.5315410452479099,25.580334696481199,2
16.6355162308875,0.56497175141243805,3.1852189325168601,14.2195644170879,2
43.515420882541498,-18.496538081107801,14.3223646035174,8.3769408756736006,2
56.323987564527698,-32.111337406653099,27.814047530787999,9.5740775698329692,2
52.020928223406301,-27.4538624857096,20.238365724563501,7.91632079014932,2
43.530377438900402,-14.852607709750499,8.9959246074432198,16.480815408500401,2
1.89e-15,22.2222222222222,-0.30337181775406502,20.2081209305132,2
45.950252337964997,-12.9255865526554,7.9134374500379101,20.0716802988109,2
49.161188254558802,-20.9201269140571,19.316345573627501,7.8914265828788599,2
1.64957219768465,29.523809523809501,-2.9633368045191101e-02,25.091035128700302,2
41.096972127856198,-7.2449056320023901,11.033699022691099,10.5592134659606,2
14.6619293246524,20.1597824239334,2.1706682720582,9.5869637599826607,2
11.319103961744,4.8245614035087803,1.9806255133861801,12.2779355362364,2
44.118275287131802,-28.616352201257801,3.2364584234808902,27.323930977913999,2
55.245087279280703,-29.791200596569698,22.716246553761501,10.193269056514399,2
28.867513459481302,9.5238095238095308,6.0712226303507801,5.8678838414357397,2
28.780997435127201,16.616716616716602,5.6670249930989396,6.1385918616156001,2
-26.4311248554841,20.375106564364899,-16.121041257941599,-4.3821286167461597,2
9.0992262968959192,23.212487411883199,0.88173142619417899,12.9425571055587,2
46.175510058097103,-19.0684819647933,10.9246270312797,15.721948526038499,2
3.7618230384679299,30.551246250904999,-2.0988375589959198,-1.4368637765187,2
2.1252157148084398,47.034764826175902,0.61909060452280995,-10.490361313128099,2
-0.70408569413368705,36.178861788617901,2.9096513409983502,-7.9289363935619797,2
21.8456858612291,-7.2072072072072002,5.1308929899482401,12.2794303763761,2
6.5360407832787901,15.094339622641501,4.7606311417452897e-02,8.7167840437048305,2
41.151561740111603,-19.503546099290801,10.979159168575899,13.6077221964738,2
50.423339327018297,-20.984410579786299,9.6922991569826706,21.490595013395598,2
41.569219381653099,-13.3333333333333,7.1887752953866499,19.510406429897099,2
-9.9724137405480793,42.121212121212103,-0.78354541452841597,23.8799305241258,2
18.042195912175799,22.9166666666667,1.9930423122884,21.030355112764301,2
-7.4155080446373898,44.6483180428135,-0.510093869748378,25.711295737441102,2
36.740471675703503,-10.6060606060606,9.2427283061600107,12.8090292469583,2
30.861141032224602,-1.3762883416651099,5.6810137370042399,16.7023257718749,2
36.798934236714999,-8.4570957095709396,5.2591251783614901,22.468759820748399,2
-11.3984768442683,42.432368263013103,1.04252553912966,-14.9965814978422,2
9.2703230944261108,31.247540338449401,0.799366780652634,8.1332982301407597,2
46.545657047758297,-17.244765805602899,10.150078881170399,18.803140010712401,2
26.5703212364953,-2.61547022815803,4.4079576618871599,17.581485553285301,2
-17.9620083747884,6.6666666666666696,-3.4981227623490199,-1.03966812793807,2
9.4177703484832591,24.822695035460999,0.82288661096029103,17.9921990751923,2
-20.7705279769439,13.6178861788618,-1.7460113637430199,23.679030433266501,2
-49.436132045318303,-19.0544185308583,-2.0150894095567402,30.885719140143099,2
-46.297466123226002,-13.5437280838802,-3.55672132269815,28.5565227579939,2
19.383661775386599,-4.0826128722382196,4.7745679871519799,8.2211336130968107,2
-22.634754871638702,13.825757575757599,-1.92316130962613,23.192577097213,2
-32.075014954979203,-11.1111111111111,-3.7984116844743001,19.046011593527702,2
25.136338250432701,0.68027210884354805,8.8956807933755506,-5.9557022153489001,2
41.516902852406098,-7.3139158576051599,13.352998405394001,7.5953712142832597,3
31.166695947404602,-13.864306784660799,9.68244915576593,11.966653772449201,3
41.808122941317698,-9.1954022988505599,13.042704222726501,10.5262581388823,3
44.622670453212301,-13.0868544600939,13.380216756381699,9.7884825655545402,3
45.738138208528802,-17.748917748917702,17.892011299054399,8.89129809082036,3
43.758204759809601,-11.731843575418999,15.2546371414546,4.8026706087281603,3
37.185271574925103,-18.079096045197701,12.968580882398999,11.406192110453899,3
-23.123847990799,4.9095607235142102,-11.710069464182601,-2.5840238550492001,3
-28.867513459481302,-1.72413793103449,-8.83643409715717,12.7794287153709,3
50.454282373872203,-22.492625368731499,20.9962427453682,8.5330014115001802,3
18.877269948026001,-0.84925690021230504,4.3610094549648002,12.926794005791701,3
-15.274459753297499,-18.0350877192982,-3.3950277749867599,8.8844075072104101,3
-21.6923511545235,-9.0558766859344892,-11.099959921317399,5.7712542721478499,3
34.454774129058301,-2.6881720430107401,10.703731831729,16.6657984471391,3
-43.078317600381098,-19.901499888068098,-16.997873802497001,11.687330550249399,3
16.4957219768465,26.945412311266001,3.2488519547790098,-5.6647119633819196,3
37.857466955157903,1.09233181969696,11.3089011616203,1.2330141474879901,3
53.456299159667601,-25.926063097596899,17.982702155416,12.6419912451745,3
40.4125558916176,-3.3339333213335598,18.489616520185699,11.561538070749799,3
35.623740013827998,-21.985815602836901,14.0832165765471,2.3573751944066199,3
35.392719937664197,-22.664255575647999,13.5842629293776,3.46700637230613,3
-16.215789656039199,12.215117232333199,-14.8203174321795,-5.8025497800592598,3
26.155438150389902,7.0329087048832299,5.75961678422233,5.5603661872188797,3
-33.160630845763102,-12.307692307692299,-21.9233858183695,1.02390266174972,3
-8.92268597838512,-2.4242424242424199,-7.1949300446814899,-1.24722794310963,3
20.352635388699099,-7.4340527577937596,5.6172304308170702,9.5127735246935003,3
46.188021535170101,-15.072463768115901,16.399586670595099,11.623996425575401,3
22.666343901518601,-12.592592592592601,7.6044568786825399,4.2094225798780798,3
44.617000394518001,-16.054421768707499,15.9210181340726,8.2268700214602308,3
-7.3704289683781896,-1.4184397163120499,-3.7463091507400601,8.8171904181524194,3
44.847744124551298,-14.5833333333333,13.703449944876899,9.5416961440452095,3
2.01401256694056,25.968992248062001,-0.58053594569696698,14.756705211924601,3
40.676950783814597,-6.9347319347319196,15.179962611337899,2.8572969354316502,3
18.258085435911301,-4.2735042735042601,4.4461197038670104,11.4616690956643,3
7.8729582162221696,3.9393939393939501,1.0705539840609699,12.6903440321025,3
40.432731785519501,-6.5194532071503497,14.3507311243908,2.7787085086149799,3
21.2707993911967,-7.01754385964911,5.7862739850396903,10.187963503013799,3
24.002202202265298,-17.602996254681599,8.5069458099921107,7.4941511291991203,3
-25.510825847913701,-30.232558139534898,-9.3123855695957101,15.1750677706512,3
-26.226919205048102,4.65116279069768,-5.61707952005706,10.783668649906099,3
-42.000462985748598,-16.894977168949801,-13.546281304236601,13.405871810190799,3
57.731090618777202,-33.331060709361701,17.882019772652701,20.3391488034014,3
-0.47066598031762302,-15.6702898550725,10.2634074526172,-10.6556027436047,3
-39.096159960872299,-16.797900262467198,-21.482337137670999,4.1622076686191098,3
-30.585817832069502,-7.1428571428571503,-21.799603458762402,-0.61900959393933497,3
49.2583235447334,-23.044315992292901,15.520868219505999,7.4789663662878203,3
41.750535995117602,-15.564738292011,10.634937785695801,9.1966222428436701,3
40.672742860200501,-3.7806223992615902,8.7462653480901107,9.3210933923308996,3
33.4413272803342,0.43290043290044899,6.4129855173288499,12.282147238429401,3
29.1214285005262,10.342735820442799,4.2526532568247797,16.039585240180799,3
19.593765313519398,20.208676551345398,3.3789917039846902,7.3233933943210099,3
34.272665078108197,-1.5718908922792301,7.6881034544946703,6.6662876696308304,3
23.898481784689999,25.273200024644801,3.1697131952227098,11.514901307268399,3
21.328863447769599,25.6321173518626,3.3338622020809301,6.2569998275019101,3
30.674629069304402,2.30069555912254,8.8091001681337602,-0.63162369577178001,3
16.237289696732201,30.348006258192701,2.5654906975740999,-7.5435432501777999,3
32.200447974356202,4.3761638733705901,5.5584562972357903,14.749709771487799,3
44.785114339008402,-14.641744548286599,12.7785298423269,7.7676233996065998,3
28.867513459481302,-3.3333333333333202,5.9233098694474204,13.469835477093699,3
31.462346129996501,4.3071161048689302,7.5753713799558904,7.7438426984605098,3
45.529902057337303,-13.8514680483592,10.7291583038909,16.7378450573304,3
37.064461725753802,-7.4074074074073897,11.775359738014,-0.63462194128151805,3
37.533358365006698,-7.5102216483752899,8.6483239521242208,10.025595959672099,3
7.1741749425929902,43.589743589743598,-1.1118876425241899,-1.8314035658444501,3
32.640471145674901,5.0658561296859297,7.60809679366354,4.9508539650696202,3
22.853448155422701,-2.0833333333333202,4.2406554361788604,15.0626013488876,3
42.545479606949399,-12.8991060025543,10.0394666273444,12.133097209062599,3
44.3157513511592,-15.240083507306901,15.608456874618099,1.78637928175653,3
0.36109467843687598,54.459115126245102,0.81897592424787302,-7.34525691608005,3
51.579454195985001,-27.818627450980401,21.249740540515798,12.4769783506812,3
-8.1929971681011207,43.163340724316299,-2.1946561080226199,-3.3493529571542502,3
44.411559168432802,-20.5128205128205,8.6359777183249395,13.210464069782599,3
17.8471451455577,30.0112612612613,2.0104761231314598,11.7493591174727,3
34.999990412013602,-8.4628670120898004,8.2519834940555405,6.8045968120704901,3
20.878112895820099,11.7581808097615,5.4129278976098201,-1.50201594581056,3
-2.5063009806786201,17.2121377415477,7.3845875986612697,-14.530000123642401,3
26.2059696653447,8.0378250591016709,4.1355794400519503,15.069832790934401,3
16.949365064090301,23.307596657123899,3.5253046469935199,1.3470410719028401,3
21.206941477276001,15.6718086295551,6.33815147275706,-4.9253717550798797,3
28.469551980188299,6.5394132202191697,7.73671269718277,-0.69972834009055895,3
29.3116290511656,3.5897435897436001,5.1685391801764196,12.648730288818101,3
42.190981210011103,-12.6602564102564,8.1959259826889301,17.201913941888701,3
38.405238170763702,-6.9016152716593098,7.0458068253263901,18.052515988347299,3
15.898050890728801,10.144927536231901,3.2033904515659,7.1242237772737802,3
2.32e-15,35.087719298245602,0.110399240423497,-6.6475659247748302,3
-9.6225044864937601,16.6666666666667,-0.143393544672103,27.831962185860601,3
42.657011851848999,-12.6791398407006,13.3819544987921,7.0233189024881604,3
31.7743434680213,5.66637550817941,7.2456711559845699,5.5152722771425999,3
32.2636915135379,-6.8627450980392002,7.3778925969434503,12.227830896769801,3
10.722219284950199,-9.0476190476190403,9.5887213271164793,-8.3133034261635999,3
25.069156425338999,15.3508771929825,4.4432579284467497,10.1280926593864,3
18.044339963977599,19.370172311348799,3.2141095838748899,4.9849918599571401,3
41.435479505439503,-7.9972423302309403,7.8427692056356699,16.749195519297299,3
34.8280121899815,0.67476383265858597,5.8069186903449204,15.492548697133,3
48.672494265462099,-22.987736900780401,18.666931829795299,3.3582722529319602,3
47.825283492573497,-22.139303482587,15.5212225785719,4.4934305818866003,3
34.354726761696703,-12.6721763085399,8.39933901265786,9.2124086661578009,3
47.002067267211103,-17.168088609489601,8.6057122710946601,17.968464409828101,3
-13.717944960020001,42.610412040463899,2.1992907176374099,-17.970836607075601,3
-4.3641670822273699,47.022516859069597,1.3710241558317899,-16.268641673484399,3
5.8790236288238704,29.3298520452568,0.234418112698734,15.849292964826001,3
9.4261268439122592,25.850340136054399,0.73081455598759204,21.092629589292201,3
30.199860234534299,-2.5641025641025501,6.1456637608760101,9.4673898747055301,3
19.769192096765401,2.8534370946822398,2.4471635884084399,21.794677783478701,3
17.4479368278019,-0.90548953027729395,3.9379817751449999,8.8945864632868208,3
35.238975706194402,-2.4132730015082799,8.7128045969460803,6.0076285919802697,3
21.497084491103099,-2.4822695035460902,2.8006250122453298,21.6963249374136,3
-13.9428101852652,42.517004222777601,-12.7936939142671,-13.9269156360344,3
-15.7459164324443,37.373737373737399,-0.59947569940710699,27.280314333398,3
53.628225938745601,-27.050882658359299,6.0898083585964402,27.234166937586899,3
28.2919806622828,4.0923399790136497,7.1302300740229398,3.2046015440601301,3
17.495462702715901,24.242424242424299,3.1286315741396602,0.61460434700016198,3
25.618111225962501,17.025908991944299,6.3254316525425596,-2.8094982952415601,3
28.116821620109398,5.2009456264775604,4.7166625622226102,6.10760920283336,3
35.109137991261001,-4.9549549549549399,11.137717558772399,-2.4745421405532699,3
15.8771324027147,5.4166666666666803,4.1595773045805,3.8785337759185299,3
10.171679680512,23.738626964433401,1.2216389001651899,6.5505726976757002,3
24.630598568168001,7.1754729288975998,5.6074304798933499,5.1745945719838398,3
-0.461414643819198,65.865873073015393,-12.6374688587458,-19.171421829974701,4
-43.635760220295701,-8.9150126161323797,-17.673752977245702,9.6626315955030702,4
-48.888100926831797,-18.010814472522299,-15.9379311070211,14.7381853512584,4
-38.380125195264199,0.18920347043482599,-15.5736635838828,-2.8751487071598198,4
-40.798762130806601,-4.0001955542518699,-18.0784048901345,-1.01173368480118,4
-53.651627170610801,-26.262697683188399,-24.458031606391099,10.101645747210901,4
-44.034943606543997,-9.6045772286265692,-19.970575913317401,5.3509330514876297,4
-36.2178202365549,3.93509891566609,-16.712840903702901,2.6668567187169798,4
-35.244679341772198,5.6199285663067799,-12.804149416771899,8.7672961769871396,4
-41.614078689504701,-5.4112916736471801,-26.9289296181264,-0.35576381410510499,4
-41.615394676220099,-5.4136762524156001,-27.073501670094501,-0.32760711710527401,4
-44.171519456158101,-9.8409005348820902,-27.888008534939601,1.3495190216661299,4
-33.950812415115301,7.86150567660688,-7.3033341797714799,7.7474144036944903,4
-44.304942014799899,-17.853200883002199,-7.3044080795208304,-1.7928858774588301,4
-34.731207382648201,6.5086995735588902,-20.494038585732898,-0.73991296250516403,4
-21.727808717697599,29.0319227674403,-24.149342852620698,-12.9414188190245,4
-22.379981698875302,27.902277702559701,-19.493089389338898,-7.6925750827566803,4
-46.269061030589,-13.4748764002569,-25.515953633812799,1.9877587509213299,4
-52.012301871488901,-23.4235350202513,-17.438098960170201,16.1213233439898,4
-13.174927676330899,43.845852277049303,-9.7422686143586894,-3.2864774527064999,4
-37.286709980283597,2.0831488724885099,-20.875981588022398,-1.3266277498452901,4
-44.521526944703197,-10.4478750520313,-22.6292478491644,2.0055081064885698,4
-40.285783135409197,-3.1112454315017901,-21.542419918964601,1.55775291582173e-02,4
-35.385233270814197,5.3760319137211203,-16.901166703047899,-1.41728739421303,4
-48.851690212995898,-17.948865876289702,-24.0048412154784,5.38491180964441,4
-49.057469159488001,-18.3045184709915,-25.901010913232501,5.5246769021911497,4
-39.308659532404803,-1.4185367217728899,-23.597826471341399,-0.70181054727188796,4
-42.515750991462298,-6.9736109890753601,-20.252702869281801,-0.183944168608141,4
-40.986708257468301,-4.32592117617423,-16.541113898701099,-2.1017666113014801,4
-45.298997782380603,-11.7950374740707,-24.513640334348199,4.2226028701814302,4
-45.995939574582302,-13.001467490453001,-23.5811411243557,4.8996369846606003,4
-40.774747075429801,-3.9585169259358799,-20.6185621884505,2.4605652401303799,4
-41.568226349120401,-5.3336133305333702,-15.7824807349406,7.9172225724150396,4
-47.648152438063299,-15.8635590548651,-22.710699401573301,6.5566457452373204,4
-35.965314307376502,4.3712756452815897,-8.7500557863243902,14.907280331048,4
-40.998134321867298,-4.3446344315331196,-18.141793817708798,4.6755699187513198,4
-38.489546256890797,-1.6339789184513601e-04,-14.539994469155101,8.9430792730894701,4
-36.476485469844,3.4872688125876601,-24.266279010065801,-3.3224558206580799,4
-49.586505694380698,-19.2204870141653,-17.2758068833454,13.3033415697883,4
-36.151400564081797,4.0496695498307602,-22.1221593595833,-1.88126972970029,4
-46.026524956375802,-18.648018648018699,-24.418656458205501,7.1738079336423501,4
-44.122052472050498,-19.186315302820201,-10.3296872400638,1.7604371256265099,4
-16.855596720222099,28.390682275038401,-8.15617176438165,-7.3626191160500696,4
-0.81275708488677001,65.257521660645594,-1.08647353023798,-17.317224869513701,4
-46.816355491931198,-14.422212734825001,-22.181981982090399,8.1125686561159007,4
-35.990666131301303,1.73160173160173,-23.645616926639399,-2.9548300463535,4
-51.0892684246935,-23.261390887290201,-24.604128355501299,7.9005389673664803,4
-24.8989099142042,23.163841807909598,-12.247615930649101,2.1932786340849302,4
-11.6882605217075,46.4207786046302,-3.16613299062162,-6.4602260607021398,4
-34.213008737030897,7.4072565163338799,-13.2604052450026,1.65158063823526,4
-15.330728579749699,40.112952855205499,-2.40393909610333,21.114631535331,4
-19.140634149722899,32.601418518415798,-3.0753025041578099,-6.4483707932500502,4
-16.138531146639099,35.5643044619422,-7.3675475557238599,-0.53367358425507705,4
-38.489953795987901,-2.22e-05,-4.3899611749525302,12.370519575278299,4
-20.141016069245701,31.781390178224601,-4.4844419093957901,-12.0133159642398,4
-21.5890964936244,29.1618899964698,-2.5491768252745102,-12.6796343636349,4
-35.756351898675703,4.6315426997245197,-24.240012094960601,-3.6016756535200201,4
-32.523991961576101,9.6487891466970908,-23.254504885894999,-6.0429356213269099,4
-38.739521087370797,-0.48977239988476301,-26.4631652555173,-1.9279945142816699,4
-28.867513459481302,15.128205128205099,-10.1501289989273,-8.2194345685297492,4
-14.884811627545,40.1041666666667,-2.6934066044730902,-15.602736793409001,4
-24.890207932831199,23.555553027160599,-9.3077672671606297,3.2769517007741098,4
-25.2590742770461,17.9166666666667,-14.0019114709237,-1.54024407172456,4
-15.9501436235266,35.149156939040203,-7.3002310034775197,-0.495439805175799,4
-18.255099283000298,34.745335350479102,-6.8734268963363503,-12.496408102475,4
-8.9268814859615802,51.204840253646999,-15.226127263995799,-20.312287811270998,4
-38.182741368800599,0.121062609927129,9.9630695387126202,-18.623462296109199,4
-12.9853817831294,44.175311821777697,-3.8369669706645499,-7.76333165703545,4
-35.821869824805901,4.4154655685197897,-23.846080740156001,-1.9233324157698699,4
-34.729128420265603,6.1790433649730101,-19.19568789945,-4.4549779364280298,4
-12.1237599994165,45.667677981548302,-8.2561670181226301,-3.0485341210483998,4
-21.683290652823,29.110105580693801,-18.784300062704901,-11.020396333242401,4
-46.737854059902801,-14.2857188208606,-10.5049273910226,13.2501320255002,4
-20.359189592780702,31.403505364727799,-10.790198574075299,-9.8555534416208204,4
-48.4229143881685,-17.2043028095732,-9.4327734644777106,-1.66391174882684,4
-25.613707111744102,22.1913751619471,-11.7562492337025,3.1093461391510799,4
-26.1098768893597,21.3325970918461,-22.987626965331501,-9.3264193520837608,4
-41.296581754535701,-7.6388888888888902,-10.235975543123001,14.049544876637301,4
-7.8101671674475304,53.132459874811602,-8.6072622373801408,-6.1893454563636201,4
-54.233106900292597,-27.2728803144702,-26.968182278786099,7.5934159129458303,4
-19.887902688960299,32.204828602102197,-18.777196037681101,-11.4434052520175,4
-46.073541058335302,-13.1686551279897,-13.8022397845274,-1.1829901580383001e-02,4
-19.1050452713658,32.848484848484802,-1.6889649135240601,13.5968935559647,4
-34.4535909514221,6.9912915633284696,-17.974173844296999,-0.49525516480837201,4
17.917766974850501,14.9425287356322,3.9378184538086298,8.3885935335500594,4
-3.8264510864403101,-28.270342273999798,-16.389615145072099,3.8655108927822299,4
4.3507046761743702,30.482009504412801,-0.96668450652083804,10.696614643522601,4
21.797918326547101,27.162293488824101,4.3425687200498304,14.044789174376101,4
52.560661298866897,-27.201257861635199,12.607750533474199,18.467941226149801,4
25.2590742770461,14.9166666666667,5.6579479539563904,15.7910744191829,4
42.673715548798398,-13.266443701226301,9.7451098174187507,16.649303992678,4
48.790163593489503,-23.474178403755801,11.021323448963599,16.880244236392901,4
-1.86145898954866,63.439299366139302,-6.5378425982714896,-7.24438263189887,4
-42.020167520901801,-7.2978303747534596,-23.231221948401998,2.1723217227650702,4
-21.682931295546101,29.109823032474999,-18.7841866103531,-11.0203309161236,4
-30.894701261892401,13.1548055023227,0.105537649839325,-13.917896513397601,5
-51.760550072570098,-22.988684103147701,-0.79034600265751498,-7.5598503479938604,5
-10.160267894031101,49.068152377876402,-4.1301807217170898,-20.631129346757501,5
-13.645342093557099,39.674926725286397,-1.5585715553054,-17.500877363206001,5
-43.666681752000201,-13.3966244725738,5.7247939152803102,-12.829098232498,5
-54.377035678760102,-27.519447448285501,3.5542282900428899,-9.9078811130884095,5
-51.254564713772901,-28.2312925170068,5.1112847230082101,-10.8523346906863,5
-15.192879806443299,40.350323180527504,-6.9498254755433297,-15.8878362974097,5
-3.1083411158823302,61.281323476998899,-14.7270241847762,-24.1938424861229,5
-4.7379430207965099,58.459700730392903,-8.8601340274136096,-9.6471919668082808,5
-42.539839574209402,-7.0180055320666899,-1.6885930771334201,-6.1611690447183101,5
-19.8538607011563,25.126088950022901,-1.12588089534187,-14.941890711383399,5
-7.7047091672343804,46.945412311265997,-8.2732740058259502,-16.2587377749852,5
-12.434696800055599,45.127601582551897,-2.5838327933720202,-8.6524052456464808,5
-42.6021993504596,-11.1111111111111,6.1020639287796499,-13.737260190051799,5
-11.646121309833701,46.372368689965299,-3.1598101102651301,-6.4448105192279099,5
-16.138531146639099,35.5643044619422,-7.3675475557238599,-0.53367358425507705,5
-6.4150029909958404,30.718954248366,-3.0872197370154599,-8.0812157312981299,5
-25.687192412626999,22.175140066910899,-0.66171005655176196,-10.6326619746724,5
-24.931015563633299,23.484835571628299,-2.50188205339819,-9.7232233911435202,5
-36.592609409534496,3.2863798188197402,-14.8513987275067,7.6752658115921202,5
-16.0899312155132,38.020593849712299,2.0138365211555298,-16.168136623255901,5
-22.790142204853598,23.245614035087701,0.17486346327064001,-15.021325484203301,5
-6.5488231316163503,30.551933941764499,-3.11449635146012,-7.9938024347398899,5
-11.979323719642499,42.613121383253201,4.5655883474168704,-18.5141004511772,5
-13.552299134859,43.1933769217516,-4.0713078806642997,-16.479826772335901,5
-8.3851537223129107,46.150645027049499,0.28336487319764703,-3.7178657555583401,5
-24.8535465795369,23.6190421950119,-3.6884420114904102,-11.6584851912422,5
-17.997999304251898,33.043592782826302,1.9764345178707301,-17.099787525058201,5
-14.367849164764699,32.191780821917803,7.77867917054418,-19.886873579874798,5
-19.2849363774958,32.2268326417704,2.36961578711673,-15.986010345272,5
-20.7335688676608,30.755060915926698,-3.2450190162935,-12.8625429754736,5
-12.256593983264599,45.437611986725599,-8.6536639115787004,-11.9685389813556,5
-17.291924522091499,36.716169883263099,-6.1610494020642701,-15.890033096506199,5
-8.9059314587251599,51.241130253131402,-7.0352811392301398,-20.0575812656399,5
-21.4073606393471,29.588007911459801,-2.3016716487303701,-11.4648707430533,5
-13.3536772775592,43.537412351335199,-3.7097761746641198,-13.712754662552801,5
-13.409421017020501,43.440855261880301,-6.0442591361045803,-11.8623046449797,5
-12.6644552467569,44.731180277488797,-2.55340028191603,-13.1409305126397,5
-24.306945019379299,24.559611157549298,-0.23624185472422701,-12.946017816237701,5
-24.871544952678398,23.553410331552001,-2.6861430693194999,-10.6592974818836,5
-12.1391559227469,45.641021591058703,-9.2676595485087692,-11.873087798734501,5
-20.685109907017502,30.8390008124187,-8.1023789339344496,-13.2060216639284,5
-7.0103628973527599,54.502264943100201,-6.0978973233332798,-20.613781157441199,5
-24.973549284531501,23.3919815402365,-2.8162162796310102,-8.4502990360984001,5
-15.0691780452568,40.536238372382201,-2.8371054373717,-13.5452002615166,5
-16.018962743181,38.9209977502314,-6.4724181074304399,-12.704801714064001,5
-10.0570670183969,49.2473091640653,-2.4472823943608399,-12.4616201155907,5
-9.8735263426631601,46.6666666666667,-10.5963213018844,-18.6469772249275,5
18.521424645319101,5.4780675156660701,2.97672244682271,4.4989402506955001,5
2.2756871924262598,25.060827250608298,-9.5748857794323197,-5.84760677698109,5
17.4669011623537,3.1376635405812299,-1.77331020576674,-0.88781775664727403,5
-7.4309536909273097,53.3936651583711,-7.3544561498654,-15.574189045666101,5
-16.439358462119198,36.142748671222499,-8.0752834061242496,-7.2439839843097698,5
-13.997691571742401,42.195367573011097,-9.7480913781249097,-13.829892539848499,5
-8.8257365990770804,38.322717622080702,-4.5332089430292903,-15.9048048176662,5
1.2483734528639401,53.973192294729202,-2.1408793998467002,-7.3219624362394002,5
-14.5988305558586,41.378451588679098,-3.4930303435537202,-11.674415650137201,5
-8.9055805321407604,51.240684889973998,-7.03519267597453,-20.057441062770501,5
-13.911191471817601,42.569366634136898,-4.54349190201303,-15.611357311429099,5
-21.406480301332,29.587308007775199,-2.3015445490041402,-11.464731922946701,5
-12.6642304233294,44.730930975491503,-2.5533667710881498,-13.1408635326277,5
-3.1191675579310298,61.258704719692297,8.5834047714999606,-23.1278601737211,6
-11.533151748059099,46.650669866026803,15.305862093840499,-23.045084545585699,6
2.14e-17,66.467065868263504,16.748352632670699,-23.831747175844399,6
-9.6196980396204896,49.996527922447697,8.6231708727307197,-19.251971605420898,6
-5.0190729038266904,57.969029658775497,5.5240452716438604,-21.520286304046198,6
-11.2243396962812,47.219984630056601,4.8463203665300298,-15.7691435940789,6
-19.533826635336599,32.831582719929401,5.5955889918275004,-20.227436706143902,6
-34.169709809181903,-4.7619047619047601,12.6760082948133,-20.347497742898501,6
-41.913408965208397,-9.2948717948717992,10.399777270376299,-18.177303230882,6
-33.576398633722903,4.2553191489361701,10.051920167186401,-19.3230903565643,6
-13.088996785976001,41.200828157349903,-0.11276738462972399,-18.4961376306285,6
-2.4326556286079701,29.868913857677899,4.6254228807610698,-16.801726058653198,6
3.64e-18,66.607877718988902,17.270835847221999,-26.964884150396799,6
-19.219357511510701,33.3111185160502,16.268540810197599,-23.849119971345001,6
-10.8231751034923,47.914127683509903,3.7282995236045502,-17.178715305184699,6
-13.283851242955301,43.657476441844601,3.9687249946357701,-20.577772721230499,6
-24.589320273869401,24.073010993623601,8.2756575655857691,-19.7082979672745,6
-15.851357837125899,29.389880952380999,8.6714254586005204,-19.975959495616301,6
-21.650635094611001,-2.0833333333333299,9.7029734796642995,-17.246449341522499,6
-27.931125163761301,15.322829780661101,8.7628943560723194,-19.515146219928901,6
-43.527448240080901,-8.7261323239145394,9.4147273058598699,-17.145561537500299,6
3.52e-20,66.6659259314129,0.17587760376549499,-26.386051128181599,6
-22.820939694319701,18.3558558558559,8.0978439304583993,-19.684119392551199,6
3.19e-19,66.662745251820198,8.6512498957794204,-23.814587451316601,6
-57.715786185708097,-33.322224690809499,14.0234866250221,-19.9214965659177,6
-2.96662193654748,49.670619235836597,3.2112616116370001,-17.5108204450733,6
-6.0954684619370401,53.293629308789001,0.65769044352670902,-16.5712029551337,6
-10.568741690157999,39.737771053958703,3.09480604860856,-18.393786264431899,6
-18.057293984068799,35.312064156206397,-1.7923343117717301,-15.958290373253201,6
0.331810499534268,62.643678160919499,1.6188577847085699,-20.723345780304701,6
2.74928699614108,19.047619047619101,1.5612307253526301,8.6606796999518103,6
-9.1471167009599998,46.734809767177701,-2.6970222987050598,-15.5110712283934,6
-52.277217614189396,-24.285613419271598,-5.4372183399006504,-4.1705437327898904,6
-8.5890000019537407,50.722704024905497,-5.0936675753449903,-18.195298096605502,6
-9.7562933189262893,39.9286987522282,3.2901960063559201,-16.518395709193602,6
5.6739271492114201,36.468163575225098,2.7519369303672598,-10.915968776824201,6
-1.4278751655022299,34.319907100835898,2.1406000421226601,-13.7213400455413,6
-13.8654985907745,35.564304461942299,4.3569029656697698,-17.576326541264301,6
-10.321345594451399,46.554934823091301,1.36320821291919,-15.263097224069,6
-9.0074746878781298,50.363359211599096,-2.4730699932706299,-16.5709869689735,6
-34.825697882573003,5.8898197512058799,-20.828945995257701,-2.8080989202022799,6
-4.0822746306337203,52.525252525252498,1.8049548584267201,-17.2938166530766,6
2.20e-15,43.632336655592503,7.8675477777701701,-17.878127078628001,6
-11.807614880301699,35.7291666666667,5.3786914520154401,-15.124359466740801,6
-45.073836805154997,-13.157894736842101,0.56077875226573604,-9.9721710705020694,6
-31.475777191439199,12.104255266233899,0.84612746940072903,-14.220505329546301,6
-26.832866246915799,14.3614202437732,8.9205646549280893,-18.293266334328301,6
-19.8905804435229,21.517074644907801,4.1725844084361601,-17.977430142776701,6
-11.267569656315899,42.818110850897703,-11.3215127602321,-9.6347547581936102,6
-11.126451990118399,47.337730618487697,-11.897691875053701,-10.2310132139219,6
-29.2505321436504,15.723929236499099,-0.51044264227952096,-12.845806406173001,6
-13.496499799238,38.095238095238102,-3.0750787707085001,-9.0059851561554396,6
-29.839080302515899,14.153988012909201,-23.372803294351002,-5.61399619396167,6
-12.9629594118569,40.069084628670097,0.199013125296233,-16.361919346851298,6
-2.0619652471058001,44.880952380952401,2.2460707461873999,-12.299359480260399,6
-5.0891057162611402,37.487335359675797,3.16721821751903,-14.690569303406701,6
-8.5442957385356895,46.708949964763903,-0.95669347062601395,-12.623595423888601,6
-6.4620855817554403,52.17125382263,-0.54086229599135405,-19.515459262435201,6
-2.7401468697065798,49.126829454698303,1.2394715201916999,-14.9920026741552,6
-16.264630609366399,37.960604516895899,4.54066262901366,-19.205975068876398,6
-16.7983114474243,37.366082705537998,-2.0465478724577402,-14.670794330684,6
-8.0838358671300092,52.195396394413102,1.7134338803164699,-14.1700836077035,6
-11.3658374842058,45.114668362839701,-0.55705181067527698,-15.804043884433799,6
32.075014954979203,3.7037037037037202,8.3384574685708408,4.7517099251202799,6
-17.5445682127189,36.278574989345501,-4.99234708402492,-13.8989235644188,6
37.066127095169897,-11.849132176235001,5.8168560785404599,13.499445931681899,6
-13.2423414864934,41.538227347109597,0.49230499555562102,-13.549069999036,6
15.0193745445511,16.7859984089101,2.1163881012763599,3.1324673832943999,6
1.36240961580616,40.790183387270801,2.6126827649323001,-15.9548897113387,6
-20.5011980217058,28.913071391885001,2.8690486341089798,-14.145922066292901,6
-15.496183696917701,39.826429335798103,5.30704843747076,-8.8043608582150199,6
-11.1204651095761,47.405450816039099,3.0277549282665999,-17.824315541100098,6
-24.1091291220519,24.908422775027301,4.3648896512451199,-16.778228584916398,6
-10.997137074696999,47.619034769465401,-1.4960612860810101,-14.8974632643219,6
-11.044959677830899,47.536229540012698,2.8031328486032399,-18.400263953528398,6
-11.6911417973743,46.417012301197197,2.8431104405369201,-17.058888288101599,6
-12.794685937994499,41.064464326680401,1.45208180857699,-18.4386569777168,6
-14.7948012282611,28.552899759125399,3.6215978412863099,-15.2897088483362,6
-10.845470933285601,47.854515733551303,3.4954643360762301,-17.617273029058801,6
-25.749416762309298,22.0673616004404,3.99899815336811,-16.1465658738258,6
-5.3152110226172802,57.452556697323303,-3.5341937886903199,-15.3008434894862,6
-9.1668408505910595,50.789226997514596,2.1799926455666898,-17.2633097627943,6
-28.858766611649902,16.6616166717167,6.6022680944168899,-9.9732854796041099,6
-21.949712936758701,28.2882882882883,1.04349389934704,-17.7862423536933,6
-14.367849164764699,32.191780821917803,7.77867917054418,-19.886873579874798,6
18.833351027041299,3.03030303030304,-1.6023128863343401,-1.78200992074336,6
27.827793695050801,1.94209039548024,9.05936699820999,8.3694274405511901,6
30.590947098853299,-7.2139303482586898,9.5813184630178405,4.72542197872471,6
-16.1907263305397,38.511108613390299,-1.8171528733255,-13.0414775780045,6
-12.530930630657901,44.962312481928301,-1.94709302005315,-15.551595880721299,6
-19.9169747339472,32.169242854416702,8.2811431162507496,-21.171657784066099,6
-17.412297975677902,36.5076469495637,-0.71864718853827503,-18.663002773617698,6
-7.9051736574594598,39.376770538243598,3.9462066651973999,-18.9372423143124,6
-16.5703077540417,36.696006323432897,3.66920256299866,-20.5971817120761,6
-8.7844479572398502,45.7852395942637,2.7473384465547501,-19.216051560908301,6
-13.9699119955146,36.420919974795197,7.2160645888659296,-19.793290306901898,6
-14.1417903376348,28.2701973764865,3.68530370675402,-15.2601745822358,6
-9.3819418743314191,42.9166666666667,3.9989494398655698,-14.7348621205323,6
-5.5556940198729396,57.043662275255002,0.80947319405659801,-18.400711628453699,6
-14.261199402642401,28.097602844706,3.6769652596448101,-15.2063486979101,6
-11.842190429308401,46.152827100507203,-0.57411990421747205,-16.5571580866681,6
-5.33087825496856, 40.7573213952621, 4.18999151030296, -17.2879000297814,6
-12.4512766628433, 45.0965013757900, 4.05058382015449, -19.1374023873194,6